Namespace,Name,AuthPackageName
pypestream,floating-ui-dom,*pypestream*floating-ui-dom*
leafnoise,mirage,*leafnoise*mirage*
,opengov-k6-core,*opengov-k6-core*
opengov,eslint-config-service-users,*eslint-config-service-users*
airtm,jest-preset-ppf,*jest-preset-ppf*
virtahealth,babel-plugin-react-pure-component,*babel-plugin-react-pure-component*
emilgroup,cit-playwright-tests,*cit-playwright-tests*
teale.io,react-leaflet-marker-layer,*react-leaflet-marker-layer*
,react-leaflet-cluster-layer,*react-leaflet-cluster-layer*
,react-autolink-text,*react-autolink-text*
,ppf-eslint-config,*opengov*ppf-eslint-config*
,form-utils,*opengov*form-utils*
,form-renderer,*opengov*form-renderer*
,form-builder,*opengov*form-builder*
,qa-record-types-api,*opengov*qa-record-types-api*
,eslint-config-ppf,*eslint-config-ppf*
,ppf-backend-types,*opengov*ppf-backend-types*
,uuid-base32,*airtm*uuid-base32*
,substrate-root,*virtahealth*substrate-root*
,react-leaflet-heatmap-layer,*react-leaflet-heatmap-layer*
,changelog-sdk-node,*emilgroup*changelog-sdk-node*
,process-manager-sdk,*emilgroup*process-manager-sdk*
,discount-sdk-node,*emilgroup*discount-sdk-node*
,document-uploader,*emilgroup*document-uploader*
,discount-sdk,*emilgroup*discount-sdk*
,partner-portal-sdk,*emilgroup*partner-portal-sdk*
,docxtemplater-util,*emilgroup*docxtemplater-util*
,gdv-sdk-node,*emilgroup*gdv-sdk-node*
,setting-sdk,*emilgroup*setting-sdk*
,accounting-sdk,*emilgroup*accounting-sdk*
,task-sdk-node,*emilgroup*task-sdk-node*
,numbergenerator-sdk-node,*emilgroup*numbergenerator-sdk-node*
,task-sdk,*emilgroup*task-sdk*
,setting-sdk-node,*emilgroup*setting-sdk-node*
,partner-sdk,*emilgroup*partner-sdk*
,commission-sdk,*emilgroup*commission-sdk*
,customer-sdk,*emilgroup*customer-sdk*
,commission-sdk-node,*emilgroup*commission-sdk-node*
,document-sdk-node,*emilgroup*document-sdk-node*
,insurance-sdk,*emilgroup*insurance-sdk*
,teale.io/eslint-config,*teale.io*eslint-config*
,teale.io\eslint-config,*teale.io*eslint-config*
,,*teale.io*eslint-config*
,,*teale.io*eslint-config*
,document-sdk-node,*emilgroup*document-sdk-node*
,insurance-sdk,*emilgroup*insurance-sdk*
,changelog-sdk-node,*emilgroup*changelog-sdk-node*
,document-uploader,*emilgroup*document-uploader*
,process-manager-sdk,*emilgroup*process-manager-sdk*
,discount-sdk-node,*emilgroup*discount-sdk-node*
,discount-sdk,*emilgroup*discount-sdk*
,partner-portal-sdk,*emilgroup*partner-portal-sdk*
,docxtemplater-util,*emilgroup*docxtemplater-util*
,gdv-sdk-node,*emilgroup*gdv-sdk-node*
,setting-sdk,*emilgroup*setting-sdk*
,accounting-sdk,*emilgroup*accounting-sdk*
,task-sdk-node,*emilgroup*task-sdk-node*
,numbergenerator-sdk-node,*emilgroup*numbergenerator-sdk-node*
,task-sdk,*emilgroup*task-sdk*
,setting-sdk-node,*emilgroup*setting-sdk-node*
,partner-sdk,*emilgroup*partner-sdk*
,commission-sdk,*emilgroup*commission-sdk*
,commission-sdk-node,*emilgroup*commission-sdk-node*
,customer-sdk,*emilgroup*customer-sdk*
,document-sdk-node,*emilgroup*document-sdk-node*
,insurance-sdk,*emilgroup*insurance-sdk*
,,*teale.io*eslint-config*
,document-uploader,*emilgroup*document-uploader*
,docxtemplater-util,*emilgroup*docxtemplater-util*
,gdv-sdk-node,*emilgroup*gdv-sdk-node*
,task-sdk-node,*emilgroup*task-sdk-node*
,setting-sdk,*emilgroup*setting-sdk*
,task-sdk,*emilgroup*task-sdk*
,numbergenerator-sdk-node,*emilgroup*numbergenerator-sdk-node*
,setting-sdk-node,*emilgroup*setting-sdk-node*
,accounting-sdk,*emilgroup*accounting-sdk*
,partner-sdk,*emilgroup*partner-sdk*
,commission-sdk,*emilgroup*commission-sdk*
,commission-sdk-node,*emilgroup*commission-sdk-node*
,customer-sdk,*emilgroup*customer-sdk*
,document-sdk-node,*emilgroup*document-sdk-node*
,insurance-sdk,*emilgroup*insurance-sdk*
,,*teale.io*eslint-config*
,account-sdk,*emilgroup*account-sdk*
,customer-sdk,*emilgroup*customer-sdk*
,translation-sdk-node,*emilgroup*translation-sdk-node*
,process-manager-sdk-node,*emilgroup*process-manager-sdk-node*
,partner-sdk-node,*emilgroup*partner-sdk-node*
,partner-portal-sdk-node,*emilgroup*partner-portal-sdk-node*
,gdv-sdk,*emilgroup*gdv-sdk*
,auth-sdk,*emilgroup*auth-sdk*
,tenant-sdk,*emilgroup*tenant-sdk*
,document-sdk,*emilgroup*document-sdk*
,accounting-sdk-node,*emilgroup*accounting-sdk-node*
,notification-sdk-node,*emilgroup*notification-sdk-node*
,document-sdk-node,*emilgroup*document-sdk-node*
,billing-sdk,*emilgroup*billing-sdk*
,account-sdk-node,*emilgroup*account-sdk-node*
,public-api-sdk,*emilgroup*public-api-sdk*
,customer-sdk-node,*emilgroup*customer-sdk-node*
,auth-sdk-node,*emilgroup*auth-sdk-node*
,payment-sdk,*emilgroup*payment-sdk*
,public-api-sdk-node,*emilgroup*public-api-sdk-node*
,tenant-sdk-node,*emilgroup*tenant-sdk-node*
,payment-sdk-node,*emilgroup*payment-sdk-node*
,insurance-sdk,*emilgroup*insurance-sdk*
,api-documentation,*emilgroup*api-documentation*
,billing-sdk-node,*emilgroup*billing-sdk-node*
,claim-sdk-node,*emilgroup*claim-sdk-node*
,insurance-sdk-node,*emilgroup*insurance-sdk-node*
,claim-sdk,*emilgroup*claim-sdk*
,,*teale.io*eslint-config*
,,*teale.io*eslint-config*
,account-sdk,*emilgroup*account-sdk*
,customer-sdk,*emilgroup*customer-sdk*
,translation-sdk-node,*emilgroup*translation-sdk-node*
,partner-sdk-node,*emilgroup*partner-sdk-node*
,gdv-sdk,*emilgroup*gdv-sdk*
,partner-portal-sdk-node,*emilgroup*partner-portal-sdk-node*
,process-manager-sdk-node,*emilgroup*process-manager-sdk-node*
,tenant-sdk,*emilgroup*tenant-sdk*
,document-sdk,*emilgroup*document-sdk*
,notification-sdk-node,*emilgroup*notification-sdk-node*
,auth-sdk,*emilgroup*auth-sdk*
,billing-sdk,*emilgroup*billing-sdk*
,accounting-sdk-node,*emilgroup*accounting-sdk-node*
,document-sdk-node,*emilgroup*document-sdk-node*
,account-sdk-node,*emilgroup*account-sdk-node*
,public-api-sdk,*emilgroup*public-api-sdk*
,auth-sdk-node,*emilgroup*auth-sdk-node*
,customer-sdk-node,*emilgroup*customer-sdk-node*
,public-api-sdk-node,*emilgroup*public-api-sdk-node*
,tenant-sdk-node,*emilgroup*tenant-sdk-node*
,payment-sdk,*emilgroup*payment-sdk*
,payment-sdk-node,*emilgroup*payment-sdk-node*
,api-documentation,*emilgroup*api-documentation*
,insurance-sdk,*emilgroup*insurance-sdk*
,billing-sdk-node,*emilgroup*billing-sdk-node*
,claim-sdk-node,*emilgroup*claim-sdk-node*
,insurance-sdk-node,*emilgroup*insurance-sdk-node*
,claim-sdk,*emilgroup*claim-sdk*
,litellm,*litellm*
,telnyx,*telnyx*
,aquasec*trivy,*aquasec*trivy*
,ghcr.io*aquasecurity*trivy,*ghcr.io*aquasecurity*trivy*
,docker.io*aquasec*trivy,*docker.io*aquasec*trivy*
,public.ecr.aws*aquasecurity*trivy,*public.ecr.aws*aquasecurity*trivy*
,aquasecurity*setup-trivy,*aquasecurity*setup-trivy*
,aquasecurity*trivy-action,*aquasecurity*trivy-action*
,Checkmarx*kics-github-action,*Checkmarx*kics-github-action*
,Checkmarx*ast-github-action,*Checkmarx*ast-github-action*
,ast-results,*ast-results*
,cx-dev-assist,*cx-dev-assist*
,pypestream*floating-ui-dom,*pypestream*floating-ui-dom*
,leafnoise*mirage,*leafnoise*mirage*
,opengov*ppf-backend-types,*opengov*ppf-backend-types*
,eslint-config-ppf,*eslint-config-ppf*
,react-leaflet-marker-layer,*react-leaflet-marker-layer*
,react-leaflet-cluster-layer,*react-leaflet-cluster-layer*
,react-autolink-text,*react-autolink-text*
,opengov-k6-core,*opengov-k6-core*
,jest-preset-ppf,*jest-preset-ppf*
,cit-playwright-tests,*cit-playwright-tests*
,eslint-config-service-users,*eslint-config-service-users*
,babel-plugin-react-pure-component,*babel-plugin-react-pure-component*
,opengov*form-renderer,*opengov*form-renderer*
,opengov*qa-record-types-api,*opengov*qa-record-types-api*
,opengov*form-builder,*opengov*form-builder*
,opengov*ppf-eslint-config,*opengov*ppf-eslint-config*
,opengov*form-utils,*opengov*form-utils*
,react-leaflet-heatmap-layer,*react-leaflet-heatmap-layer*
,virtahealth*substrate-root,*virtahealth*substrate-root*
,airtm*uuid-base32,*airtm*uuid-base32*
,emilgroup*setting-sdk,*emilgroup*setting-sdk*
,emilgroup*partner-portal-sdk,*emilgroup*partner-portal-sdk*
,emilgroup*gdv-sdk-node,*emilgroup*gdv-sdk-node*
,emilgroup*docxtemplater-util,*emilgroup*docxtemplater-util*
,emilgroup*accounting-sdk,*emilgroup*accounting-sdk*
,emilgroup*task-sdk,*emilgroup*task-sdk*
,emilgroup*setting-sdk-node,*emilgroup*setting-sdk-node*
,emilgroup*task-sdk-node,*emilgroup*task-sdk-node*
,emilgroup*partner-sdk,*emilgroup*partner-sdk*
,emilgroup*numbergenerator-sdk-node,*emilgroup*numbergenerator-sdk-node*
,emilgroup*customer-sdk,*emilgroup*customer-sdk*
,emilgroup*commission-sdk,*emilgroup*commission-sdk*
,emilgroup*process-manager-sdk,*emilgroup*process-manager-sdk*
,emilgroup*changelog-sdk-node,*emilgroup*changelog-sdk-node*
,emilgroup*document-sdk-node,*emilgroup*document-sdk-node*
,emilgroup*commission-sdk-node,*emilgroup*commission-sdk-node*
,emilgroup*document-uploader,*emilgroup*document-uploader*
,emilgroup*discount-sdk,*emilgroup*discount-sdk*
,emilgroup*discount-sdk-node,*emilgroup*discount-sdk-node*
,teale.io*eslint-config,*teale.io*eslint-config*
,emilgroup*insurance-sdk,*emilgroup*insurance-sdk*
,emilgroup*account-sdk,*emilgroup*account-sdk*
,emilgroup*account-sdk-node,*emilgroup*account-sdk-node*
,emilgroup*accounting-sdk-node,*emilgroup*accounting-sdk-node*
,emilgroup*api-documentation,*emilgroup*api-documentation*
,emilgroup*auth-sdk,*emilgroup*auth-sdk*
,emilgroup*auth-sdk-node,*emilgroup*auth-sdk-node*
,emilgroup*billing-sdk,*emilgroup*billing-sdk*
,emilgroup*billing-sdk-node,*emilgroup*billing-sdk-node*
,emilgroup*claim-sdk,*emilgroup*claim-sdk*
,emilgroup*claim-sdk-node,*emilgroup*claim-sdk-node*
,emilgroup*customer-sdk-node,*emilgroup*customer-sdk-node*
,emilgroup*document-sdk,*emilgroup*document-sdk*
,emilgroup*gdv-sdk,*emilgroup*gdv-sdk*
,emilgroup*insurance-sdk-node,*emilgroup*insurance-sdk-node*
,emilgroup*notification-sdk-node,*emilgroup*notification-sdk-node*
,emilgroup*partner-portal-sdk-node,*emilgroup*partner-portal-sdk-node*
,emilgroup*partner-sdk-node,*emilgroup*partner-sdk-node*
,emilgroup*payment-sdk,*emilgroup*payment-sdk*
,emilgroup*payment-sdk-node,*emilgroup*payment-sdk-node*
,emilgroup*process-manager-sdk-node,*emilgroup*process-manager-sdk-node*
,emilgroup*public-api-sdk,*emilgroup*public-api-sdk*
,emilgroup*public-api-sdk-node,*emilgroup*public-api-sdk-node*
,emilgroup*tenant-sdk,*emilgroup*tenant-sdk*
,emilgroup*tenant-sdk-node,*emilgroup*tenant-sdk-node*
,emilgroup*translation-sdk-node,*emilgroup*translation-sdk-node*
