IP,Domain,Hash
45.148.10.212,scan.aquasecurtiy.org,8395c3268d5c5dbae1c7c6d4bb3c318c752ba4608cfcd90eb97ffb94a910eac2
83.142.209.11,souls-entire-defined-routes.trycloudflare.com,d2a0d5f564628773b6af7b9c11f6b86531a875bd2d186d7081ab62748a800ebb
46.151.182.203,plug-tab-protective-relay.trycloudflare.com,8a2a05fd8bdc329c8a86d2d08229d167500c01ecad06e40477c49fb0096efdea
83.142.209.203,investigation-launches-hearings-copying.trycloudflare.com,d39f4e7a218053cce976c91eacf184cf09a6960c731cc9d66d8e1a53406593a5
,championships-peoples-point-cassette.trycloudflare.com,a0d229be8efcb2f9135e2ad55ba275b76ddcfeb55fa4370e0a522a5bdee0120b
,create-sensitivity-grad-sequence.trycloudflare.com,71e35aef03099cd1f2d6446734273025a163597de93912df321ef118bf135238
,tdtqy-oyaaa-aaaae-af2dq-cai.raw.icp0.io,6cf223aea68b0e8031ff68251e30b6017a0513fe152e235c26f248ba1e15c92a
,checkmarx.zone,822dd269ec10459572dfaaefe163dae693c344249a0161953f0d5cdd110bd2a0
,models.litellm.cloud,f7084b0229dce605ccc5506b14acd4d954a496da4b6134a294844ca8d601970d
,litellm.cloud,bef7e2c5a92c4fa4af17791efc1e46311c0f304796f1172fce192f5efc40f5d7
,manpages.wtf,e64e152afe2c722d750f10259626f357cdea40420c5eedae37969fbf13abbecf
,,d5edd791021b966fb6af0ace09319ace7b97d6642363ef27b3d5056ca654a94c
,,e6310d8a003d7ac101a6b1cd39ff6c6a88ee454b767c1bdce143e04bc1113243
,,6328a34b26a63423b555a61f89a6a0525a534e9c88584c815d937910f1ddd538
,,0880819ef821cff918960a39c1c1aada55a5593c61c608ea9215da858a86e349
,,887e1f5b5b50162a60bd03b66269e0ae545d0aef0583c1c5b00972152ad7e073
,,18a24f83e807479438dcab7a1804c51a00dafc1d526698a66e0640d1e5dd671a
,,527f795a201a6bc114394c4cfd1c74dce97381989f51a4661aafbc93a4439e90
,,65bd72fcddaf938cefdf55b3323ad29f649a65d4ddd6aea09afa974dfc7f105d
,,744c9d61b66bcd2bb5474d9afeee6c00bb7e0cd32535781da188b80eb59383e0
,,0d66d8c7e02574ff0d3443de0585af19c903d12466d88573ed82ec788655975c
,,7321caa303fe96ded0492c747d2f353c4f7d17185656fe292ab0a59e2bd0b8d9
,,cd08115806662469bbedec4b03f8427b97c8a4b3bc1442dc18b72b4e19395fe3
,,e9b1e069efc778c1e77fb3f5fcc3bd3580bbc810604cbf4347897ddb4b8c163b
,,61ff00a81b19624adaad425b9129ba2f312f4ab76fb5ddc2c628a5037d31a4ba
,,0c0d206d5e68c0cf64d57ffa8bc5b1dad54f2dda52f24e96e02e237498cb9c3a
,,c37c0ae9641d2e5329fcdee847a756bf1140fdb7f0b7c78a40fdc39055e7d926
,,f398f06eefcd3558c38820a397e3193856e4e6e7c67f81ecc8e533275284b152
,,7df6cef7ab9aae2ea08f2f872f6456b5d51d896ddda907a238cd6668ccdc4bb7
,,5e2ba7c4c53fa6e0cef58011acdd50682cf83fb7b989712d2fcf1b5173bad956
,,f66c1ea3b25ec95d0c6a07be92c761551e543a7b256f9c78a2ff781c77df7093
,,a9235c0eb74a8e92e5a0150e055ee9dcdc6252a07785b6677a9ca831157833a5
,,23b1ec58649170650110ecad96e5a9490d98146e105226a16d898fbe108139e5
,,ab4c4aebb52027bf3d2f6b2dcef593a1a2cff415774ea4711f7d6e0aa1451d4e
,,84edce66f09c55bbb44754411bde4b092288d172734df62fac20d6f794b3a2ec
,,5ce544a8db5d0b0953c966384858e4e8a017e7acba2f5f6d0ac8f529d59939d8
,,196b5e0e06424a02e360e28e08d7dcfab7ec8946af9477ca352c6cf6b7d4e9bd
,,e6912e3ec58120bf63edf2e4be6ff2f092c40cfbc655a12f4a463b2ef98d368e
,,e4e3b176c1255666024d90392e09466a23bf6e8740bf589c6d1ccf2dfff451a4
,,7290353a3bc2b18e9ea574d3294b09e28edaa6b038285bb101cf09760f187dcd
,,dafc1cc5d39bc303562d8587b698b6351e843b77c01764efa8b423a36b88fa6d
,,7e270255567866d37ad56e3f06977b695e39530eede74a10a0848ba71560cb45
,,b92bd082bbd7d238089b2bb87d9cbf01be1bf8ab7213b67e9d27108e052ef75c
,,26b689749bc57991cbae2aab8ab6cf5acab6c64db4829ba2b1ced6c60d99a7a8
,,97e073abd819d9cdc07705aeaa481f59
,,2e3a4412a7a487b32c5715167c755d08
,,85ed77a21b88cae721f369fa6b7bbba3
,,bd8e578c425118a50447b1af3ee6fece
,,f5560871f6002982a6a2cc0b3ee739f7
,,cde4951bee7e28ac8a29d33d34a41ae5
,,8ca60ad84b6f6b3b9352e77cd8682d81
,,805c08686e755c063a0bb460bdf9dcc4
,,8bddcad83361397840fdb1ee97d8a6a6
,,43a466cf0d6af34e09acc03a058061ef
,,284037d485efbf7c54efcc7a4ba1516b
,,633b465ec04a3b7b5a908ad6ec5adc2e
,,07a8f7de8abd1e877ad96a72d385e019
,,d761a6a7ae9f2254bd81ac234033a8b8
,,49e06269c77e9f028aef505f2c92d5a6
,,81bfd2c98536a306357a54746d2b3d07
,,60fe39ec4452813f849bde618e3b5963
,,0fccc8e3a03896f45726203074ae225d
,,188d8592f393ce45f7273102f02efee1
,,5870a0bf82bbdf2687d8dce89dfa668f
,,7646a872455dab186dc9de17f7ef0340
,,46e7a5c4cf645b77f24023eef873f56f
,,8cf49650b7a000d09e8af77c314dfdad
,,55405de62427ac56106f0fdb1c33dedd
,,718c13820bff309925b5b629bbb5da2c
,,df43394b926e609e6ad020b157b151a1
,,8bfefb76454efe404359831d4fe7137c
,,5c9eadd07654441b7ef7646907da5cd6
,,959aa5cad8e4bc518c07d1ab1a974821
,,b1c6036b046bcf8c80601742ebcc61b0
,,9e837f0b9e8037b06256e2ec4291f757
,,d528effabbd9cd66aaa11bc8777bb110
,,217e86944372006f89b405b33d905884
,,7f99dace07c56e3b2ad6abf690984844
,,78cd382040eda14e2f8a17ee7387cffdabe96ab5
,,3fcc7360a2738ad2656e17c7d4ed3e651ff7d73a
,,b20aa5b6c1f01117993287edad462cc49f588b39
,,da466d3c630d6bfea0c5b82d6cad388e443dbe92
,,9e7587b990ae57319a6afedeba3b8873f6238206
,,2d94efc6d49e05b314a9da55804f6a0d57154b18
,,3af9a3c6983f6f18261a1c410541502d0f2bc864
,,d820fc3440e7eadc575315f9a96a34ae450ec457
,,4004c385d39e613f6e527f912b3bf340460b1af0
,,816ad5a1cd3f74ba9ef19bd87d61eab5018332fe
,,82eb666c9ece5162038bb6bf248add6c124369ce
,,27bbebdd418835967fcf00d6ff3315109cf61750
,,60180783702e13238a8311233fc23d3e170eb4b9
,,4fed54d88f919c675ee2f575f70698a8d3649287
,,193c4ef77cae0b08922aea0eebe4a14f22a7e67e
,,224a749ecd3b4bec5429a8212d9660eca0299dee
,,b3872147ef3b83c876bb48312adde3d03ef267f3
,,7e25ec4a3e0a01e1f01ff4a09d57e7c4fd40d30f
,,59d1537bd095fb01617da08cf4bd89f72e158f9b
,,4ce6ad55d8912aacc4ae4c572237131d0b7ba4b5
,,27cf71eada45ceb298cd793219c217452241e443
,,4e574710f80ada2abe7cf2ffd78f99592bb6c2c2
,,53495d74e72a0e74a2e1fdfe69f39fd538abd9e6
,,6589718e7b026d7278a8eb8333c59b8e297f4016
,,9e2b6deeca9623db3868d4bb36ba2c053c949e65
,,7f63db03c90913b90c6972fabd77c9862cba917f
,,3950fa21431ad211e1292119ff1c77e1797fa595
,,7f10d56c3a57803cbf3d77129548e66f4cbd1687
,,eea9f7fffb678692e6db5d5f4db9746e942cfec5
,,512efdfc832b012677341d251670c7192c463b21
,,6e06766423a9c046511fb32b100c4a49adfe6e2b
,,42f7861818214222efeadb2fc826dda1cdc90050
,,5317e94e1e0363d44316f4b49fd68106db5bcb4b
,,79d08ce90531b51391cf28b816ba50e44eb0191d
,,afe645c078eb106673f4e86a713d310dec9a0de1b859358c16649ef4a9aec17b
